{"cameraMode":{"drawMode":0,"name":"Shaded","section":"Shading Mode"},"sceneLighting":true,"audioPlay":false,"sceneViewState":{"showFog":true,"showMaterialUpdate":false,"showSkybox":true,"showFlares":true,"showImageEffects":true,"showParticleSystems":true},"in2DMode":false,"pivot":{"x":7.174623012542725,"y":1.534211277961731,"z":-9.988630294799805},"rotation":{"x":0.22311531007289887,"y":-0.686689555644989,"z":0.235399529337883,"w":0.6505875587463379},"size":50.10161590576172,"orthographic":false}