{"cameraMode":{"drawMode":0,"name":"Shaded","section":"Shading Mode"},"sceneLighting":true,"audioPlay":false,"sceneViewState":{"showFog":true,"showMaterialUpdate":false,"showSkybox":true,"showFlares":true,"showImageEffects":true,"showParticleSystems":true},"in2DMode":false,"pivot":{"x":-1.448986530303955,"y":-1.2773828506469727,"z":-2.6162662506103517},"rotation":{"x":0.44359683990478518,"y":0.0013457193272188306,"z":-0.0007344214245676994,"w":0.8962251543998718},"size":17.883346557617189,"orthographic":false}