{"cameraMode":{"drawMode":0,"name":"Shaded","section":"Shading Mode"},"sceneLighting":false,"audioPlay":false,"sceneViewState":{"showFog":true,"showMaterialUpdate":false,"showSkybox":true,"showFlares":true,"showImageEffects":true,"showParticleSystems":true},"in2DMode":false,"pivot":{"x":3.923081636428833,"y":1.1491461992263795,"z":-10.015117645263672},"rotation":{"x":0.25365325808525088,"y":0.04990287125110626,"z":-0.013168097473680973,"w":0.9659173488616943},"size":18.450223922729493,"orthographic":false}