{"cameraMode":{"drawMode":0,"name":"Shaded","section":"Shading Mode"},"sceneLighting":false,"audioPlay":false,"sceneViewState":{"showFog":true,"showMaterialUpdate":false,"showSkybox":true,"showFlares":true,"showImageEffects":true,"showParticleSystems":true},"in2DMode":false,"pivot":{"x":1.5241249799728394,"y":0.11910486221313477,"z":-9.511802673339844},"rotation":{"x":0.09676507860422135,"y":0.8295420408248901,"z":-0.5285808444023132,"w":0.15198323130607606},"size":7.449243545532227,"orthographic":false}