{"cameraMode":{"drawMode":0,"name":"Shaded","section":"Shading Mode"},"sceneLighting":false,"audioPlay":false,"sceneViewState":{"showFog":true,"showMaterialUpdate":false,"showSkybox":true,"showFlares":true,"showImageEffects":true,"showParticleSystems":true},"in2DMode":false,"pivot":{"x":1.1920928955078126e-7,"y":0.2579231262207031,"z":-9.908087730407715},"rotation":{"x":0.201440691947937,"y":0.7286933660507202,"z":-0.24137058854103089,"w":0.6084142923355103},"size":6.204464912414551,"orthographic":false}