{"cameraMode":{"drawMode":0,"name":"Shaded","section":"Shading Mode"},"sceneLighting":false,"audioPlay":false,"sceneViewState":{"showFog":true,"showMaterialUpdate":false,"showSkybox":true,"showFlares":true,"showImageEffects":true,"showParticleSystems":true},"in2DMode":false,"pivot":{"x":1.3317739963531495,"y":-0.20383140444755555,"z":-7.202890396118164},"rotation":{"x":0.12983278930187226,"y":0.6143917441368103,"z":-0.10349741578102112,"w":0.7713329792022705},"size":9.869994163513184,"orthographic":false}