{"cameraMode":{"drawMode":0,"name":"Shaded","section":"Shading Mode"},"sceneLighting":true,"audioPlay":false,"sceneViewState":{"showFog":true,"showMaterialUpdate":false,"showSkybox":true,"showFlares":true,"showImageEffects":true,"showParticleSystems":true},"in2DMode":false,"pivot":{"x":-0.562676191329956,"y":-5.744169235229492,"z":1.6374921798706055},"rotation":{"x":0.4659918546676636,"y":0.012473592534661293,"z":-0.006643789820373058,"w":0.8846761584281921},"size":20.369609832763673,"orthographic":false}