{"cameraMode":{"drawMode":0,"name":"Shaded","section":"Shading Mode"},"sceneLighting":false,"audioPlay":false,"sceneViewState":{"showFog":true,"showMaterialUpdate":false,"showSkybox":true,"showFlares":true,"showImageEffects":true,"showParticleSystems":true},"in2DMode":false,"pivot":{"x":1.1920928955078126e-7,"y":0.2579231262207031,"z":-0.15808764100074769},"rotation":{"x":-0.19487696886062623,"y":-0.08053407073020935,"z":0.016114694997668268,"w":-0.9773830771446228},"size":6.204463958740234,"orthographic":false}