{"cameraMode":{"drawMode":0,"name":"Shaded","section":"Shading Mode"},"sceneLighting":false,"audioPlay":false,"sceneViewState":{"showFog":true,"showMaterialUpdate":false,"showSkybox":true,"showFlares":true,"showImageEffects":true,"showParticleSystems":true},"in2DMode":false,"pivot":{"x":0.0,"y":1.1906256675720215,"z":-0.028199970722198488},"rotation":{"x":0.201440691947937,"y":0.7286933660507202,"z":-0.24137058854103089,"w":0.6084142923355103},"size":11.22183895111084,"orthographic":false}