{"cameraMode":{"drawMode":0,"name":"Shaded","section":"Shading Mode"},"sceneLighting":true,"audioPlay":false,"sceneViewState":{"showFog":true,"showMaterialUpdate":false,"showSkybox":true,"showFlares":true,"showImageEffects":true,"showParticleSystems":true},"in2DMode":false,"pivot":{"x":2.0069680213928224,"y":-0.41678354144096377,"z":-1.4978034496307374},"rotation":{"x":0.44359683990478518,"y":0.0013457193272188306,"z":-0.0007344214245676994,"w":0.8962251543998718},"size":33.2352180480957,"orthographic":false}